<?xml version="1.0" encoding="UTF-8"?>
<addon id="lattelecomtv" version="0.2.0" name="Lattelecom Live TV" provider-name="martinsbalodis">
    <requires>
        <import addon="xbmc.python" version="2.14.0" />
    </requires>
	<extension point="xbmc.python.pluginsource" library="addon.py">
		<provides>video</provides>
	</extension>
	<extension point="xbmc.addon.metadata">
        <summary lang="en_gb">Lattelecom Shortcut.lv Live TV</summary>
        <description lang="en_gb">Watch Lattelecom live TV from Kodi</description>
		<platform>all</platform>
	    <website>https://github.com/martinsbalodis/xbmc-lattelecom.tv</website>
        <source>https://github.com/martinsbalodis/xbmc-lattelecom.tv</source>
	</extension>
</addon>