<?xml version="1.0" encoding="UTF-8"?>
<addon id="repository.lattelecomtv" name="Lattelecom Live TV addon (unofficial) repository" version="1.0.0" provider-name="Janhouse">
    <extension point="xbmc.addon.repository">
        <dir minversion="14.0.0">
            <info compressed="false">https://janhouse.github.io/kodi-repo-lattelecomtv/datadir/addons.xml</info>
            <checksum>https://janhouse.github.io/kodi-repo-lattelecomtv/datadir/addons.xml.md5</checksum>
            <datadir zip="true">https://janhouse.github.io/kodi-repo-lattelecomtv/datadir/</datadir>
        </dir>
    </extension>
    <extension point="xbmc.addon.metadata">
        <summary lang="en_GB">Kodi repository for unofficial Lattelecom Live TV addon</summary>
        <description lang="en_GB">https://github.com/martinsbalodis/xbmc-lattelecom.tv</description>
        <language></language>
        <platform>all</platform>
        <license></license>
        <forum></forum>
        <source>https://github.com/Janhouse/kodi-repo-lattelecomtv</source>
        <news></news>
        <disclaimer></disclaimer>
        <assets>
            <icon>resources/icon.png</icon>
            <fanart></fanart>
        </assets>
    </extension>
</addon>